Lineage,WHO ,Mutation,Reduction
B.1.1.7,Alpha,N501Y,22.92
B.1.1.7+E484K,Alpha,E484K;N501Y,74.65
B.1.351,Beta,K417N;E484K;N501Y,47.19
P.1,Gamma,K417T;E484K;N501Y,47.66
B.1.617.2,Delta,K417N;L452R;T478K,49.43
B.1.427,Epsilon,L452R,52.57
B.1.526,Iota,E484K,10.94
B.1.617.1,Kappa,L452R;E484Q,18.34
C.37,Lambda,L452Q;F490S,34.22
B.1.1.529,Omicron,G339D;S371L;S373P;S375F;K417N;N440K;G446S;S477N;T478K;E484A;Q493R;G496S;Q498R;N501Y;Y505H,97.52
A.VOI.V2,,R346K;T478R;E484K,64.54
B.1.1.298,,Y453F,5.42
B.1.160,,S477N;S494P,3.81
B.1.258,,N439K,-9.28
B.1.517,,N501T,-7.87